Rk,Player,Tm,FantPos,Age,G,GS,Cmp,Att,Yds,TD,Int,Att,Yds,Y/A,TD,Tgt,Rec,Yds,Y/R,TD,Fmb,FL,TD,2PM,2PP,FantPt,PPR,DKPt,FDPt,VBD,PosRank,OvRank
1,Alvin Kamara,NOR,RB,25,5,4,0,0,0,0,0,61,281,4.61,4,45,38,395,10.39,3,0,0,7,,,110,147.6,153.6,128.6,60,1,1
2,Russell Wilson,SEA,QB,32,5,5,123,169,1502,19,3,23,153,6.65,0,0,0,0,,0,1,0,0,,1,147,147.4,156.4,150.4,52,1,2
3,Dalvin Cook,MIN,RB,25,5,5,0,0,0,0,0,92,489,5.32,7,16,12,64,5.33,0,1,1,7,3,,101,113.3,117.3,107.3,52,2,3
4,Patrick Mahomes,KAN,QB,25,5,5,123,193,1474,13,1,24,129,5.38,2,0,0,0,,0,0,0,2,,2,138,137.9,144.9,138.9,43,2,4
5,Dak Prescott,DAL,QB,27,5,5,151,222,1856,9,4,18,93,5.17,3,1,1,11,11,1,3,3,4,1,1,135,135.6,145.6,139.1,40,3,5
6,D.K. Metcalf,SEA,WR,23,5,5,0,0,0,0,0,0,0,,0,39,22,496,22.55,5,1,1,5,,,78,99.6,103.6,88.6,39,1,6
7,Ezekiel Elliott,DAL,RB,25,5,5,0,0,0,0,0,89,364,4.09,5,32,24,173,7.21,1,3,2,6,1,,88,111.7,119.7,99.7,38,3,7
8,Aaron Jones,GNB,RB,26,4,4,0,0,0,0,0,65,374,5.75,4,23,15,135,9,2,1,0,6,,,87,101.9,107.9,94.4,37,4,8
9,Adam Thielen,MIN,WR,30,5,5,0,0,0,0,0,3,15,5,0,44,29,364,12.55,6,0,0,6,1,,76,104.9,107.9,90.4,37,2,9
10,Kyler Murray,ARI,QB,23,5,5,126,181,1299,8,6,41,296,7.22,5,0,0,0,,0,1,1,5,,,130,129.6,142.6,135.6,34,4,10
11,Calvin Ridley,ATL,WR,26,5,5,0,0,0,0,0,2,6,3,0,50,29,485,16.72,4,0,0,4,,,73,102.1,105.1,87.6,34,3,11
12,Tyreek Hill,KAN,WR,26,5,5,0,0,0,0,0,6,49,8.17,1,35,22,364,16.55,4,1,0,5,,,71,93.3,96.3,82.3,32,4,12
13,Chris Carson,SEA,RB,26,5,5,0,0,0,0,0,61,289,4.74,3,23,21,140,6.67,3,1,0,6,,,79,99.9,105.9,89.4,29,5,13
14,Kareem Hunt,CLE,RB,25,5,1,0,0,0,0,0,70,347,4.96,3,15,11,63,5.73,3,1,0,6,,,77,88,91,82.5,28,6,14
15,Josh Jacobs,LVR,RB,22,5,5,0,0,0,0,0,106,377,3.56,5,20,15,108,7.2,0,1,1,5,,,77,91.5,98.5,84,27,7,15
16,Travis Kelce,KAN,TE,31,5,5,0,0,0,0,0,0,0,,0,46,32,405,12.66,3,0,0,3,,,59,90.5,93.5,74.5,26,1,16
17,DeAndre Hopkins,ARI,WR,28,5,5,0,0,0,0,0,0,0,,0,53,45,528,11.73,2,0,0,2,,,65,109.8,112.8,87.3,26,5,17
18,Josh Allen,BUF,QB,24,4,4,105,148,1326,12,1,25,83,3.32,3,0,0,0,,0,3,3,3,,,119,119.3,126.3,120.3,24,5,18
19,Mike Evans,TAM,WR,27,5,5,0,0,0,0,0,0,0,,0,35,22,271,12.32,6,0,0,6,,,63,85.1,88.1,74.1,24,6,19
20,Odell Beckham Jr.,CLE,WR,28,5,5,1,1,18,0,0,3,72,24,1,39,21,294,14,3,0,0,4,,,61,82.3,85.3,71.8,22,7,20
21,Todd Gurley,ATL,RB,26,5,5,0,0,0,0,0,79,375,4.75,5,13,8,38,4.75,0,1,0,5,,,71,79.3,82.3,75.3,22,8,21
22,Mark Andrews,BAL,TE,24,5,1,0,0,0,0,0,0,0,,0,29,18,222,12.33,5,1,0,5,,,52,70.2,73.2,61.2,20,2,22
23,Tyler Lockett,SEA,WR,28,5,5,0,0,0,0,0,0,0,,0,38,30,342,11.4,4,0,0,4,,,58,88.2,91.2,73.2,19,8,23
24,Chase Claypool,PIT,WR,22,4,1,0,0,0,0,0,4,14,3.5,1,20,13,261,20.08,4,1,0,5,,,58,70.5,73.5,64,18,9,24
25,James Robinson,JAX,RB,22,5,5,0,0,0,0,0,73,333,4.56,3,22,19,183,9.63,0,1,1,3,,,68,86.6,93.6,77.1,18,9,25
26,CeeDee Lamb,DAL,WR,21,5,5,0,0,0,0,0,3,13,4.33,0,40,29,433,14.93,2,0,0,2,,,57,85.6,88.6,71.1,18,10,26
27,Joe Mixon,CIN,RB,24,5,5,0,0,0,0,0,101,374,3.7,2,23,19,123,6.47,1,1,1,3,,,66,84.7,91.7,75.2,16,10,27
28,Robby Anderson,CAR,WR,27,5,5,0,0,0,0,0,1,3,3,0,47,36,489,13.58,1,1,1,1,1,,55,91.2,95.2,73.2,16,11,28
29,Robert Woods,LAR,WR,28,5,5,0,0,0,0,0,8,65,8.13,1,31,23,300,13.04,2,1,0,3,,,55,77.5,80.5,66,15,12,29
30,Allen Robinson,CHI,WR,27,5,5,0,0,0,0,0,1,-1,-1,0,57,35,421,12.03,2,0,0,2,,,54,89,92,71.5,15,13,30
31,Robert Tonyan,GNB,TE,26,4,3,0,0,0,0,0,0,0,,0,14,13,173,13.31,5,0,0,5,,,47,60.3,63.3,53.8,15,3,31
32,Stefon Diggs,BUF,WR,27,4,4,0,0,0,0,0,0,0,,0,35,26,403,15.5,2,0,0,2,,,52,78.3,81.3,65.3,13,14,32
33,Will Fuller,HOU,WR,26,5,5,0,0,0,0,0,1,0,0,0,30,22,332,15.09,3,0,0,3,,,51,73.2,76.2,62.2,12,15,33
34,Mike Davis,CAR,RB,27,5,3,0,0,0,0,0,46,220,4.78,1,33,30,206,6.87,2,0,0,3,,,61,90.6,96.6,75.6,11,11,34
35,Amari Cooper,DAL,WR,26,5,5,0,0,0,0,0,1,-2,-2,0,55,39,424,10.87,1,0,0,1,1,,50,89.2,92.2,69.7,11,16,35
36,Jonathan Taylor,IND,RB,21,5,4,0,0,0,0,0,77,307,3.99,3,13,12,107,8.92,0,0,0,3,,,59,71.4,77.4,65.4,10,12,36
37,Darrell Henderson,LAR,RB,23,5,3,0,0,0,0,0,58,260,4.48,3,11,7,92,13.14,1,0,0,4,,,59,66.2,69.2,62.7,10,13,37
38,Cooper Kupp,LAR,WR,27,5,4,0,0,0,0,0,3,17,5.67,0,36,28,363,12.96,2,1,1,2,,,48,76,80,62,9,17,38
39,Terry McLaurin,WAS,WR,25,5,5,0,0,0,0,0,1,3,3,0,46,29,413,14.24,1,0,0,1,,,48,76.6,79.6,62.1,9,18,39
40,Jimmy Graham,CHI,TE,34,5,5,0,0,0,0,0,0,0,,0,28,17,169,9.94,4,1,0,4,,,41,57.9,60.9,49.4,8,4,40
41,Aaron Rodgers,GNB,QB,37,4,4,98,139,1214,13,0,6,31,5.17,0,1,1,-6,-6,0,0,0,0,,,103,104.1,107.1,103.6,8,6,41
42,Miles Sanders,PHI,RB,23,4,4,0,0,0,0,0,62,316,5.1,3,23,11,97,8.82,0,1,1,3,,,57,68.3,72.3,62.8,8,14,42
43,Clyde Edwards-Helaire,KAN,RB,21,5,5,0,0,0,0,0,81,344,4.25,1,27,17,169,9.94,0,0,0,1,,,57,74.3,80.3,65.8,8,15,43
44,Ryan Fitzpatrick,MIA,QB,38,5,5,120,170,1344,7,5,24,131,5.46,2,1,1,0,0,0,1,0,2,1,2,103,103.9,114.9,108.4,8,7,44
45,Nick Chubb,CLE,RB,25,4,4,0,0,0,0,0,57,335,5.88,4,3,3,17,5.67,0,1,1,4,,,57,60.2,64.2,58.7,8,16,45
46,Mike Gesicki,MIA,TE,25,5,3,0,0,0,0,0,0,0,,0,28,18,281,15.61,2,0,0,2,,,40,58.1,61.1,49.1,8,5,46
47,Darius Slayton,NYG,WR,23,5,4,0,0,0,0,0,0,0,,0,40,23,365,15.87,2,1,1,2,,,47,69.5,73.5,58,7,19,47
48,Darren Waller,LVR,TE,28,5,4,0,0,0,0,0,0,0,,0,47,34,295,8.68,2,1,1,2,,,40,73.5,77.5,56.5,7,6,48
49,Keenan Allen,LAC,WR,28,5,5,0,0,0,0,0,0,0,,0,50,34,356,10.47,2,2,1,2,,,46,79.6,83.6,62.6,7,20,49
50,Jamison Crowder,NYJ,WR,27,3,3,0,0,0,0,0,0,0,,0,33,22,335,15.23,2,0,0,2,,,46,67.5,70.5,56.5,6,21,50
51,DeVante Parker,MIA,WR,27,5,5,0,0,0,0,0,0,0,,0,32,26,329,12.65,2,0,0,2,,,45,70.9,73.9,57.9,6,22,51
52,Melvin Gordon,DEN,RB,27,4,4,0,0,0,0,0,65,281,4.32,3,15,11,45,4.09,1,1,1,4,,,55,65.6,69.6,60.1,5,17,52
53,D.J. Moore,CAR,WR,23,5,5,0,0,0,0,0,0,0,,0,37,22,381,17.32,1,0,0,1,,,44,66.1,69.1,55.1,5,23,53
54,Tom Brady,TAM,QB,43,5,5,126,196,1375,12,4,15,6,0.4,1,0,0,0,,0,4,1,1,,,100,99.6,107.6,103.6,5,8,54
55,Jerick McKinnon,SFO,RB,28,5,2,0,0,0,0,0,35,193,5.51,3,22,15,107,7.13,1,0,0,4,,,54,69,75,61.5,5,18,55
56,Tyler Higbee,LAR,TE,27,5,5,0,0,0,0,0,0,0,,0,17,15,166,11.07,3,0,0,3,1,,37,51.6,54.6,44.1,4,7,56
57,Justin Jefferson,MIN,WR,21,5,3,0,0,0,0,0,0,0,,0,25,19,371,19.53,1,0,0,1,,,43,62.1,65.1,52.6,4,24,57
58,Jonnu Smith,TEN,TE,25,3,3,0,0,0,0,0,0,0,,0,20,13,181,13.92,3,0,0,3,,,36,49.1,52.1,42.6,4,8,58
59,James Conner,PIT,RB,25,4,3,0,0,0,0,0,55,268,4.87,3,14,11,82,7.45,0,0,0,3,,,53,64,67,58.5,4,19,59
60,Tyler Boyd,CIN,WR,26,5,4,0,0,0,0,0,1,4,4,0,40,32,362,11.31,1,0,0,1,,,43,74.6,77.6,58.6,4,25,60
61,Noah Fant,DEN,TE,23,4,4,0,0,0,0,0,0,0,,0,27,19,219,11.53,2,0,0,2,1,,36,54.9,57.9,45.4,3,9,61
62,Emmanuel Sanders,NOR,WR,33,5,2,0,0,0,0,0,0,0,,0,36,26,304,11.69,2,1,0,2,,,42,68.4,71.4,55.4,3,26,62
63,Deshaun Watson,HOU,QB,25,5,5,109,163,1451,9,5,19,83,4.37,1,0,0,0,,0,2,0,1,,,98,98.3,106.3,103.3,3,9,63
64,Jared Goff,LAR,QB,26,5,5,109,152,1372,8,3,19,29,1.53,2,0,0,0,,0,1,0,2,,1,98,97.8,103.8,100.8,3,10,64
65,Lamar Jackson,BAL,QB,23,5,5,86,135,949,9,2,41,238,5.8,1,0,0,0,,0,3,1,1,,,98,97.8,106.8,99.8,3,11,65
66,David Johnson,HOU,RB,29,5,5,0,0,0,0,0,68,293,4.31,2,18,11,107,9.73,0,0,0,2,,,52,63,69,57.5,3,20,66
67,George Kittle,SFO,TE,27,3,3,0,0,0,0,0,2,17,8.5,0,28,23,271,11.78,1,0,0,1,,,35,57.8,60.8,46.3,2,10,67
68,Michael Gallup,DAL,WR,24,5,5,0,0,0,0,0,0,0,,0,28,17,348,20.47,1,0,0,1,,,41,57.8,60.8,49.3,2,27,68
69,David Montgomery,CHI,RB,23,5,5,0,0,0,0,0,63,247,3.92,1,23,16,124,7.75,1,0,0,2,1,,51,67.1,73.1,59.1,2,21,69
70,Keelan Cole,JAX,WR,27,5,1,0,0,0,0,0,1,2,2,0,29,21,219,10.43,3,0,0,3,,,40,61.1,64.1,50.6,1,28,70
71,DJ Chark,JAX,WR,24,4,4,0,0,0,0,0,0,0,,0,20,18,220,12.22,3,0,0,3,,,40,58,61,49,1,29,71
72,Hunter Henry,LAC,TE,26,5,5,0,0,0,0,0,0,0,,0,35,22,268,12.18,1,0,0,1,,,33,54.8,57.8,43.8,,11,72
73,Raheem Mostert,SFO,RB,28,3,3,0,0,0,0,0,34,238,7,1,10,9,139,15.44,1,0,0,2,,,50,58.7,64.7,54.2,,22,73
74,Antonio Gibson,WAS,RB,22,5,3,0,0,0,0,0,55,213,3.87,3,17,15,122,8.13,0,1,1,3,,,50,64.5,71.5,57,,24,74
75,Dalton Schultz,DAL,TE,24,5,3,0,0,0,0,0,0,0,,0,31,19,225,11.84,2,1,1,2,,,33,51.5,55.5,42,,12,75
76,Ronald Jones II,TAM,RB,23,5,5,0,0,0,0,0,74,359,4.85,1,23,15,76,5.07,0,0,0,1,,,50,64.5,67.5,57,,23,76
77,Allen Lazard,GNB,WR,25,3,3,0,0,0,0,0,2,17,8.5,0,17,13,254,19.54,2,0,0,2,,,39,52.1,55.1,45.6,,30,77
78,Derek Watt,PIT,,28,3,0,0,0,0,0,0,0,0,,0,0,0,0,,0,0,0,0,,,,,,,,1,78
79,Derek Carr,LVR,QB,29,5,5,128,175,1442,11,1,13,34,2.62,0,0,0,0,,0,5,4,0,,,95,95.1,103.1,96.1,,12,
80,Gardner Minshew II,JAX,QB,24,5,5,137,196,1439,10,4,18,87,4.83,0,0,0,0,,0,3,2,0,,,94,94.3,103.3,98.3,,13,
81,Teddy Bridgewater,CAR,QB,28,5,5,130,178,1460,6,3,15,73,4.87,1,0,0,0,,0,1,1,1,,1,90,89.7,96.7,92.7,,14,
82,Drew Brees,NOR,QB,41,5,5,125,176,1331,9,3,6,-2,-0.33,1,0,0,0,,0,1,0,1,,,89,89,95,92,,15,
83,Justin Herbert,LAC,QB,22,4,4,97,141,1195,9,3,16,55,3.44,1,0,0,0,,0,3,1,1,,,87,87.3,94.3,90.3,,16,
84,Carson Wentz,PHI,QB,28,5,5,117,195,1188,6,9,23,122,5.3,3,0,0,0,,0,4,1,3,,2,86,85.7,101.7,94.7,,17,
85,Matt Ryan,ATL,QB,35,5,5,129,204,1472,7,3,9,23,2.56,0,0,0,0,,0,1,0,0,,,83,83.2,89.2,86.2,,18,
86,Joe Burrow,CIN,QB,24,5,5,135,207,1304,6,3,23,85,3.7,1,0,0,0,,0,5,2,1,,,81,80.7,88.7,83.7,,20,
87,Ben Roethlisberger,PIT,QB,38,4,4,100,143,1016,10,1,13,2,0.15,0,0,0,0,,0,2,0,0,,1,81,80.8,84.8,81.8,,19,
88,Matthew Stafford,DET,QB,32,4,4,83,137,1017,8,3,10,45,4.5,0,0,0,0,,0,0,0,0,,1,73,73.2,79.2,76.2,,21,
89,Cam Newton,NWE,QB,31,3,3,62,91,714,2,2,35,149,4.26,4,0,0,0,,0,0,0,4,,,71,71.5,79.5,73.5,,22,
90,Baker Mayfield,CLE,QB,25,5,5,93,152,976,9,4,11,32,2.91,0,0,0,0,,0,1,0,0,,,70,70.2,77.2,74.2,,23,
91,Kirk Cousins,MIN,QB,32,5,5,89,139,1132,8,7,11,55,5,0,0,0,0,,0,2,1,0,,1,69,68.8,79.8,75.8,,24,
92,Ryan Tannehill,TEN,QB,32,3,3,70,104,809,6,1,11,35,3.18,0,1,1,0,0,0,2,0,0,,,58,58.9,62.9,59.4,,25,
93,Philip Rivers,IND,QB,39,5,5,109,154,1227,4,5,9,1,0.11,0,0,0,0,,0,1,0,0,,,55,55.2,63.2,60.2,,26,
94,Sam Darnold,NYJ,QB,23,4,4,82,138,792,3,4,14,117,8.36,1,0,0,0,,0,0,0,1,,,53,53.4,63.4,57.4,,27,
95,Dwayne Haskins,WAS,QB,23,4,4,89,146,939,4,3,13,30,2.31,1,0,0,0,,0,4,2,1,,,53,52.6,60.6,55.6,,28,
96,Daniel Jones,NYG,QB,23,5,5,111,182,1111,2,5,20,130,6.5,0,0,0,0,,0,4,3,0,,1,51,51.4,65.4,56.4,,29,
97,Mitchell Trubisky,CHI,QB,26,3,3,51,86,560,6,3,8,87,10.88,0,0,0,0,,0,1,0,0,,,49,49.1,55.1,52.1,,30,
98,Derrick Henry,TEN,RB,26,3,3,0,0,0,0,0,82,319,3.89,2,8,5,26,5.2,0,0,0,2,,,47,51.5,54.5,49,,25,
99,Kenyan Drake,ARI,RB,26,5,3,0,0,0,0,0,85,314,3.69,2,6,6,22,3.67,0,0,0,2,,,46,51.6,54.6,48.6,,28,
100,Myles Gaskin,MIA,RB,23,5,3,0,0,0,0,0,64,249,3.89,1,25,23,147,6.39,0,0,0,1,,,46,68.6,74.6,57.1,,27,
101,Christian McCaffrey,CAR,RB,24,2,2,0,0,0,0,0,41,156,3.8,4,9,7,67,9.57,0,0,0,4,,,46,53.3,56.3,49.8,,26,
102,Austin Ekeler,LAC,RB,25,4,4,0,0,0,0,0,49,248,5.06,1,17,17,144,8.47,0,0,0,1,,,45,62.2,68.2,53.7,,29,
103,Rex Burkhead,NWE,RB,30,4,0,0,0,0,0,0,30,128,4.27,2,17,12,101,8.42,1,0,0,3,,,41,52.9,58.9,46.9,,30,
104,Nick Foles,CHI,QB,31,3,2,72,113,680,5,3,6,-5,-0.83,0,0,0,0,,0,1,0,0,,,41,40.7,46.7,43.7,,31,
105,Latavius Murray,NOR,RB,30,5,2,0,0,0,0,0,52,218,4.19,2,8,6,68,11.33,0,0,0,2,,,41,46.6,49.6,43.6,,31,
106,Chase Edmonds,ARI,RB,24,5,1,0,0,0,0,0,19,95,5,1,23,18,129,7.17,2,2,0,3,,,40,58.4,61.4,49.4,,32,
107,Devin Singletary,BUF,RB,23,4,4,0,0,0,0,0,50,213,4.26,1,21,16,114,7.13,0,0,0,1,,,39,54.7,60.7,46.7,,33,
108,JuJu Smith-Schuster,PIT,WR,24,4,4,0,0,0,0,0,0,0,,0,24,21,188,8.95,3,0,0,3,1,,39,59.8,62.8,49.3,,31,
109,Malcolm Brown,LAR,RB,27,5,0,0,0,0,0,0,53,213,4.02,2,14,9,44,4.89,0,0,0,2,,,38,46.7,49.7,42.2,,34,
110,Marquise Brown,BAL,WR,23,5,4,0,0,0,0,0,1,1,1,0,36,22,319,14.5,1,0,0,1,,,38,60,63,49,,33,
111,Laviska Shenault Jr.,JAX,WR,22,5,4,0,0,0,0,0,9,53,5.89,0,28,23,270,11.74,1,0,0,1,,,38,61.3,64.3,49.8,,32,
112,Nelson Agholor,LVR,WR,27,5,2,0,0,0,0,0,0,0,,0,11,10,185,18.5,3,0,0,3,,,37,46.5,49.5,41.5,,34,
113,Brandin Cooks,HOU,WR,27,5,5,0,0,0,0,0,0,0,,0,33,18,299,16.61,1,0,0,1,,,36,53.9,56.9,44.9,,35,
114,Preston Williams,MIA,WR,23,5,4,0,0,0,0,0,0,0,,0,22,10,195,19.5,2,0,0,2,2,,36,45.5,48.5,40.5,,36,
115,Tee Higgins,CIN,WR,21,5,3,0,0,0,0,0,1,13,13,0,30,16,214,13.38,2,0,0,2,,,35,50.7,53.7,42.7,,37,
116,Mark Ingram,BAL,RB,31,5,5,0,0,0,0,0,45,205,4.56,2,5,3,25,8.33,0,0,0,2,,,35,38,41,36.5,,35,
117,Brandon Aiyuk,SFO,WR,22,4,4,0,0,0,0,0,4,69,17.25,2,22,12,153,12.75,0,0,0,2,,,34,46.2,49.2,40.2,,38,
118,Mecole Hardman,KAN,WR,22,5,3,0,0,0,0,0,1,3,3,0,17,13,194,14.92,2,0,0,2,1,,34,46.7,49.7,40.2,,39,
119,Alexander Mattison,MIN,RB,22,5,0,0,0,0,0,0,44,219,4.98,1,9,8,57,7.13,0,0,0,1,,,34,41.6,44.6,37.6,,36,
120,Adrian Peterson,DET,RB,35,4,2,0,0,0,0,0,54,245,4.54,1,6,4,31,7.75,0,0,0,1,,,34,37.6,40.6,35.6,,37,
121,Travis Fulgham,PHI,WR,25,2,2,0,0,0,0,0,0,0,,0,16,12,209,17.42,2,0,0,2,,,33,44.9,47.9,38.9,,41,
122,Jarvis Landry,CLE,WR,28,5,5,1,1,37,1,0,0,0,,0,28,21,279,13.29,0,0,0,0,,,33,54.4,57.4,43.9,,40,
123,Tim Patrick,DEN,WR,27,4,4,0,0,0,0,0,0,0,,0,21,16,209,13.06,2,0,0,2,,,33,48.9,51.9,40.9,,43,
124,Sammy Watkins,KAN,WR,27,5,4,0,0,0,0,0,1,3,3,0,29,21,222,10.57,2,1,1,2,,,33,53.5,57.5,43,,45,
125,Mike Williams,LAC,WR,26,4,2,0,0,0,0,0,0,0,,0,22,12,209,17.42,2,0,0,2,,,33,44.9,47.9,38.9,,42,
126,Cedrick Wilson,DAL,WR,25,5,0,1,1,11,1,0,0,0,,0,17,12,163,13.58,2,0,0,2,,,33,44.7,47.7,38.7,,44,
127,Cole Beasley,BUF,WR,31,4,2,0,0,0,0,0,0,0,,0,24,18,260,14.44,1,0,0,1,,,32,50,53,41,,47,
128,Randall Cobb,HOU,WR,30,5,2,0,0,0,0,0,0,0,,0,24,19,260,13.68,1,0,0,1,,,32,51,54,41.5,,46,
129,J.K. Dobbins,BAL,RB,22,5,0,0,0,0,0,0,16,126,7.88,2,10,9,73,8.11,0,0,0,2,,,32,40.9,43.9,36.4,,39,
130,Julian Edelman,NWE,WR,34,4,0,0,0,0,0,0,2,22,11,0,30,18,294,16.33,0,0,0,0,,,32,49.6,52.6,40.6,,49,
131,Jimmy Garoppolo,SFO,QB,29,3,3,40,66,467,4,2,1,9,9,0,0,0,0,,0,1,0,0,,,32,31.6,36.6,33.6,,32,
132,Nyheim Hines,IND,RB,24,5,0,0,0,0,0,0,26,81,3.12,1,21,18,119,6.61,1,0,0,2,,,32,50,53,41,,38,
133,T.J. Hockenson,DET,TE,23,4,4,0,0,0,0,0,0,0,,0,20,15,180,12,2,0,0,2,1,,32,47,50,39.5,,13,
134,Joshua Kelley,LAC,RB,23,5,0,0,0,0,0,0,63,203,3.22,1,8,8,93,11.63,0,2,2,1,,,32,39.6,44.6,35.6,,40,
135,Scott Miller,TAM,WR,23,5,4,0,0,0,0,0,2,7,3.5,0,21,15,250,16.67,1,0,0,1,,,32,46.7,49.7,39.2,,48,
136,Davante Adams,GNB,WR,28,2,2,0,0,0,0,0,0,0,,0,20,17,192,11.29,2,0,0,2,,,31,48.2,51.2,39.7,,52,
137,Mo Alie-Cox,IND,TE,27,5,2,0,0,0,0,0,0,0,,0,14,11,194,17.64,2,0,0,2,,,31,42.4,45.4,36.9,,14,
138,John Brown,BUF,WR,30,4,4,0,0,0,0,0,0,0,,0,23,14,194,13.86,2,0,0,2,,,31,45.4,48.4,38.4,,51,
139,David Moore,SEA,WR,25,5,3,0,0,0,0,0,1,12,12,0,14,10,173,17.3,2,1,0,2,,,31,40.5,43.5,35.5,,53,
140,Tre'Quan Smith,NOR,WR,24,5,4,0,0,0,0,0,0,0,,0,21,16,194,12.13,2,0,0,2,,,31,47.4,50.4,39.4,,50,
141,Jeff Driskel,DEN,QB,27,3,1,35,64,432,3,2,6,28,4.67,0,0,0,0,,0,0,0,0,,1,30,30.1,35.1,32.1,,33,
142,Hunter Renfrow,LVR,WR,25,5,0,0,0,0,0,0,0,0,,0,23,17,241,14.18,1,1,0,1,,,30,47.1,50.1,38.6,,54,
143,Kendrick Bourne,SFO,WR,25,5,4,0,0,0,0,0,0,0,,0,26,15,227,15.13,1,0,0,1,,,29,43.7,46.7,36.2,,58,
144,Jared Cook,NOR,TE,33,4,1,0,0,0,0,0,0,0,,0,18,11,166,15.09,2,0,0,2,,,29,39.6,42.6,34.1,,16,
145,Jalen Guyton,LAC,WR,23,5,4,0,0,0,0,0,1,-4,-4,0,10,6,174,29,2,0,0,2,,,29,35,38,32,,56,
146,Hayden Hurst,ATL,TE,27,5,2,0,0,0,0,0,0,0,,0,28,15,170,11.33,2,0,0,2,,,29,44,47,36.5,,15,
147,Jerry Jeudy,DEN,WR,21,4,2,0,0,0,0,0,0,0,,0,28,15,234,15.6,1,1,0,1,,,29,44.4,47.4,36.9,,55,
148,Anthony Miller,CHI,WR,26,5,0,0,0,0,0,0,1,9,9,0,23,13,161,12.38,2,1,0,2,,,29,42,45,35.5,,57,
149,D'Andre Swift,DET,RB,21,4,0,0,0,0,0,0,12,42,3.5,1,16,13,124,9.54,1,0,0,2,,,29,41.6,44.6,35.1,,41,
150,Greg Ward,PHI,WR,25,5,3,0,0,0,0,0,1,-6,-6,0,31,22,172,7.82,2,0,0,2,,,29,50.6,53.6,39.6,,59,
151,Leonard Fournette,TAM,RB,25,4,0,0,0,0,0,0,24,123,5.13,2,8,7,34,4.86,0,0,0,2,,,28,34.7,37.7,31.2,,42,
152,Russell Gage,ATL,WR,24,5,3,0,1,0,0,0,1,-2,-2,0,32,21,224,10.67,1,0,0,1,,,28,49.2,52.2,38.7,,60,
153,Corey Davis,TEN,WR,25,3,3,0,0,0,0,0,0,0,,0,19,15,206,13.73,1,0,0,1,,,27,41.6,44.6,34.1,,62,
154,O.J. Howard,TAM,TE,26,4,1,0,0,0,0,0,0,0,,0,19,11,146,13.27,2,0,0,2,,,27,37.6,40.6,32.1,,17,
155,Marquez Valdes-Scantling,GNB,WR,26,4,2,0,0,0,0,0,0,0,,0,25,12,210,17.5,1,0,0,1,,,27,39,42,33,,61,
156,Braxton Berrios,NYJ,WR,25,5,1,0,0,0,0,0,1,13,13,0,17,10,123,12.3,2,0,0,2,,,26,35.6,38.6,30.6,,64,
157,Brian Hill,ATL,RB,25,5,0,0,0,0,0,0,25,133,5.32,1,11,9,69,7.67,0,0,0,1,,,26,35.2,38.2,30.7,,43,
158,Andy Isabella,ARI,WR,24,5,0,0,0,0,0,0,1,-6,-6,0,13,10,147,14.7,2,0,0,2,,,26,36.1,39.1,31.1,,63,
159,Sony Michel,NWE,RB,25,3,3,0,0,0,0,0,26,173,6.65,1,3,2,23,11.5,0,0,0,1,,,26,27.6,30.6,26.6,,44,
160,Gabriel Davis,BUF,WR,21,4,1,0,0,0,0,0,1,0,0,0,8,8,129,16.13,2,0,0,2,,,25,32.9,35.9,28.9,,65,
161,Henry Ruggs III,LVR,WR,21,3,3,0,0,0,0,0,2,11,5.5,0,11,6,177,29.5,1,0,0,1,,,25,30.8,33.8,27.8,,66,
162,Curtis Samuel,CAR,WR,24,5,2,0,0,0,0,0,15,63,4.2,0,23,19,183,9.63,0,0,0,0,,,25,43.6,46.6,34.1,,67,
163,Jamaal Williams,GNB,RB,25,4,1,0,0,0,0,0,29,108,3.72,0,13,13,119,9.15,0,0,0,0,1,,25,37.7,43.7,31.2,,45,
164,Darren Fells,HOU,TE,34,5,5,0,0,0,0,0,0,0,,0,12,8,120,15,2,0,0,2,,,24,32,35,28,,18,
165,Kenny Golladay,DET,WR,27,2,2,0,0,0,0,0,0,0,,0,15,10,119,11.9,2,0,0,2,,,24,33.9,36.9,28.9,,68,
166,Nick Mullens,SFO,QB,25,3,2,51,73,614,2,3,6,-2,-0.33,0,0,0,0,,0,3,1,0,,,24,24.4,31.4,27.4,,34,
167,Jeff Wilson,SFO,RB,25,5,0,0,0,0,0,0,21,51,2.43,1,5,4,67,16.75,1,0,0,2,,,24,27.8,27.8,25.8,,46,
168,Jordan Akins,HOU,TE,28,4,2,0,0,0,0,0,0,0,,0,15,14,168,12,1,0,0,1,,,23,36.8,39.8,29.8,,19,
169,Zach Ertz,PHI,TE,30,5,5,0,0,0,0,0,0,0,,0,35,20,145,7.25,1,0,0,1,1,,23,42.5,45.5,32.5,,20,
170,Devonta Freeman,NYG,RB,28,3,2,0,0,0,0,0,33,103,3.12,1,7,6,62,10.33,0,0,0,1,,,23,28.5,31.5,25.5,,47,
171,T.Y. Hilton,IND,WR,31,5,5,0,0,0,0,0,0,0,,0,32,19,231,12.16,0,0,0,0,,,23,42.1,45.1,32.6,,69,
172,Evan Engram,NYG,TE,26,5,4,0,0,0,0,0,2,9,4.5,1,32,18,147,8.17,0,0,0,1,,,22,39.6,42.6,30.6,,21,
173,Frank Gore,NYJ,RB,37,5,4,0,0,0,0,0,64,204,3.19,0,5,2,11,5.5,0,0,0,0,,,22,23.5,26.5,22.5,,48,
174,Dontrelle Inman,WAS,WR,31,5,2,0,0,0,0,0,0,0,,0,22,12,103,8.58,2,1,0,2,,,22,34.3,37.3,28.3,,70,
175,Christian Kirk,ARI,WR,24,4,4,0,0,0,0,0,1,3,3,0,21,11,154,14,1,1,0,1,,,22,32.7,35.7,27.2,,71,
176,Darnell Mooney,CHI,WR,23,5,1,0,0,0,0,0,1,-3,-3,0,25,15,160,10.67,1,1,0,1,,,22,36.7,39.7,29.2,,72,
177,N'Keal Harry,NWE,WR,23,4,4,0,0,0,0,0,1,2,2,0,28,18,166,9.22,1,1,1,1,,,21,38.8,42.8,29.8,,74,
178,Austin Hooper,CLE,TE,26,5,5,0,0,0,0,0,0,0,,0,27,17,153,9,1,0,0,1,,,21,38.3,41.3,29.8,,22,
179,Julio Jones,ATL,WR,31,3,3,0,0,0,0,0,0,0,,0,20,15,213,14.2,0,0,0,0,,,21,36.3,39.3,28.8,,73,
180,Jordan Reed,SFO,TE,30,3,0,0,0,0,0,0,0,0,,0,16,11,85,7.73,2,0,0,2,,,21,31.5,31.5,26,,23,
181,Eric Ebron,PIT,TE,27,4,3,0,0,0,0,0,0,0,,0,20,14,156,11.14,1,1,1,1,,,20,33.6,37.6,26.6,,26,
182,Chris Godwin,TAM,WR,24,2,2,0,0,0,0,0,0,0,,0,13,11,143,13,1,0,0,1,,,20,31.3,34.3,25.8,,76,
183,Dallas Goedert,PHI,TE,25,3,1,0,0,0,0,0,0,0,,0,18,13,138,10.62,1,0,0,1,,,20,32.8,35.8,26.3,,25,
184,Adam Humphries,TEN,WR,27,3,1,0,0,0,0,0,0,0,,0,20,15,136,9.07,1,0,0,1,,,20,34.6,37.6,27.1,,79,
185,Diontae Johnson,PIT,WR,24,4,4,0,0,0,0,0,1,9,9,0,26,15,147,9.8,1,1,1,1,,,20,34.6,38.6,27.1,,78,
186,Marvin Jones,DET,WR,30,4,4,0,0,0,0,0,0,0,,0,19,12,138,11.5,1,0,0,1,,,20,31.8,34.8,25.8,,77,
187,Greg Olsen,SEA,TE,35,5,4,0,0,0,0,0,0,0,,0,19,15,140,9.33,1,0,0,1,,,20,35,38,27.5,,24,
188,Zach Pascal,IND,WR,26,5,5,0,0,0,0,0,0,0,,0,21,12,144,12,1,0,0,1,,,20,32.4,35.4,26.4,,75,
189,Chris Conley,JAX,WR,28,5,1,0,0,0,0,0,0,0,,0,22,13,190,14.62,0,0,0,0,,,19,32,35,25.5,,80,
190,Gus Edwards,BAL,RB,25,5,0,0,0,0,0,0,34,192,5.65,0,3,0,0,,0,0,0,0,,,19,19.2,22.2,19.2,,49,
191,Jordan Howard,MIA,RB,26,4,2,0,0,0,0,0,18,14,0.78,3,1,1,-3,-3,0,1,0,3,,,19,20.1,20.1,19.6,,50,
192,Danny Amendola,DET,WR,35,4,1,0,0,0,0,0,0,0,,0,21,10,177,17.7,0,0,0,0,,,18,27.7,30.7,22.7,,82,
193,Damiere Byrd,NWE,WR,27,4,3,0,0,0,0,0,0,0,,0,22,14,179,12.79,0,1,0,0,,,18,31.9,34.9,24.9,,81,
194,Gerald Everett,LAR,TE,26,5,2,0,0,0,0,0,1,2,2,1,9,8,141,17.63,0,1,1,1,,,18,26.3,30.3,22.3,,27,
195,J.D. McKissic,WAS,RB,27,5,3,0,0,0,0,0,19,75,3.95,0,25,17,124,7.29,0,1,1,0,,,18,34.9,38.9,26.4,,51,
196,Willie Snead,BAL,WR,28,5,4,0,0,0,0,0,0,0,,0,13,10,117,11.7,1,0,0,1,,,18,27.7,30.7,22.7,,83,
197,James Washington,PIT,WR,24,4,1,0,0,0,0,0,0,0,,0,19,13,117,9,1,0,0,1,,,18,30.7,33.7,24.2,,84,
198,Matt Breida,MIA,RB,25,5,0,0,0,0,0,0,27,100,3.7,0,6,5,72,14.4,0,1,0,0,,,17,22.2,25.2,19.7,,53,
199,Isaiah Ford,MIA,WR,24,5,0,0,0,0,0,0,0,0,,0,28,17,174,10.24,0,0,0,0,,,17,34.4,37.4,25.9,,85,
200,Jalen Richard,LVR,RB,27,5,0,0,0,0,0,0,5,50,10,1,13,10,59,5.9,0,0,0,1,,,17,26.9,26.9,21.9,,54,
201,Chris Thompson,JAX,RB,30,5,0,0,0,0,0,0,6,17,2.83,0,15,13,96,7.38,1,0,0,1,,,17,30.3,30.3,23.8,,52,
202,Logan Thomas,WAS,TE,29,5,4,0,0,0,0,0,0,0,,0,32,14,106,7.57,1,0,0,1,,,17,30.6,33.6,23.6,,28,
203,Peyton Barber,WAS,RB,26,5,0,0,0,0,0,0,24,41,1.71,2,1,0,0,,0,0,0,2,,,16,16.1,16.1,16.1,,55,
204,Devontae Booker,LVR,RB,28,5,0,0,0,0,0,0,17,121,7.12,0,5,5,34,6.8,0,1,0,0,,,16,20.5,23.5,18,,57,
205,Devin Duvernay,BAL,WR,23,5,0,0,0,0,0,0,1,42,42,0,9,7,59,8.43,0,0,0,1,,,16,23.1,23.1,19.6,,88,
206,Tyler Kroft,BUF,TE,28,4,1,0,0,0,0,0,0,0,,0,8,5,36,7.2,2,0,0,2,,,16,20.6,20.6,18.1,,29,
207,Tony Pollard,DAL,RB,23,5,1,0,0,0,0,0,13,62,4.77,1,10,7,38,5.43,0,0,0,1,,,16,23,23,19.5,,56,
208,Josh Reynolds,LAR,WR,25,5,4,0,0,0,0,0,0,0,,0,16,12,181,15.08,0,2,1,0,,,16,28.1,32.1,22.1,,87,
209,Kenny Stills,HOU,WR,28,5,0,0,0,0,0,0,0,0,,0,14,8,104,13,1,0,0,1,,,16,24.4,27.4,20.4,,86,
210,Freddie Swain,SEA,WR,22,5,0,0,0,0,0,0,0,0,,0,8,7,97,13.86,1,0,0,1,,,16,22.7,22.7,19.2,,89,
211,Reggie Bonnafon,CAR,RB,24,2,0,0,0,0,0,0,12,69,5.75,0,2,2,18,9,1,0,0,1,,,15,16.7,16.7,15.7,,59,
212,Tyler Eifert,JAX,TE,30,5,2,0,0,0,0,0,0,0,,0,23,11,93,8.45,1,0,0,1,,,15,26.3,26.3,20.8,,30,
213,Kerryon Johnson,DET,RB,23,4,2,0,0,0,0,0,21,71,3.38,1,3,2,17,8.5,0,0,0,1,,,15,16.8,16.8,15.8,,58,
214,Kyle Juszczyk,SFO,RB,29,5,5,0,0,0,0,0,3,18,6,1,8,5,67,13.4,0,0,0,1,,,15,19.5,19.5,17,,61,
215,Dion Lewis,NYG,RB,30,5,0,0,0,0,0,0,13,31,2.38,1,16,9,55,6.11,0,0,0,1,,,15,23.6,23.6,19.1,,60,
216,Golden Tate,NYG,WR,32,4,2,0,0,0,0,0,0,0,,0,23,18,145,8.06,0,0,0,0,,,15,32.5,35.5,23.5,,91,
217,C.J. Uzomah,CIN,TE,27,2,2,0,0,0,0,0,0,0,,0,11,8,87,10.88,1,0,0,1,,,15,22.7,22.7,18.7,,31,
218,Olamide Zaccheaus,ATL,WR,23,5,1,0,0,0,0,0,0,0,,0,20,14,150,10.71,0,0,0,0,,,15,29,32,22,,90,
219,Joe Flacco,NYJ,QB,35,2,1,20,35,211,1,0,4,20,5,0,0,0,0,,0,0,0,0,,,14,14.4,14.4,14.4,,35,
220,Rob Gronkowski,TAM,TE,31,5,5,0,0,0,0,0,0,0,,0,20,12,140,11.67,0,0,0,0,,,14,26,29,20,,32,
221,Carlos Hyde,SEA,RB,30,3,0,0,0,0,0,0,16,57,3.56,1,3,3,26,8.67,0,0,0,1,,,14,17.3,17.3,15.8,,62,
222,D'Ernest Johnson,CLE,RB,24,5,0,0,0,0,0,0,22,132,6,0,1,1,4,4,0,0,0,0,,,14,14.6,17.6,14.1,,63,
223,Zay Jones,LVR,WR,25,5,1,0,0,0,0,0,0,0,,0,11,9,81,9,1,0,0,1,,,14,23.1,23.1,18.6,,92,
224,Kyle Rudolph,MIN,TE,31,5,5,0,0,0,0,0,0,0,,0,10,7,76,10.86,1,0,0,1,,,14,20.6,20.6,17.1,,33,
225,Giovani Bernard,CIN,RB,29,5,0,0,0,0,0,0,4,29,7.25,0,17,13,102,7.85,0,0,0,0,,,13,26.1,29.1,19.6,,64,
226,Travis Homer,SEA,RB,22,5,0,0,0,0,0,0,15,58,3.87,0,4,3,7,2.33,1,0,0,1,,,13,15.5,15.5,14,,66,
227,Alec Ingold,LVR,RB,24,5,1,0,0,0,0,0,1,-1,-1,0,9,7,70,10,1,0,0,1,,,13,19.9,19.9,16.4,,65,
228,Cordarrelle Patterson,CHI,WR,29,5,1,0,0,0,0,0,21,69,3.29,0,8,7,58,8.29,0,0,0,0,,,13,19.7,19.7,16.2,,93,
229,Cam Akers,LAR,RB,21,3,2,0,0,0,0,0,26,113,4.35,0,1,1,4,4,0,0,0,0,,,12,12.7,15.7,12.2,,71,
230,Harrison Bryant,CLE,TE,22,5,2,0,0,0,0,0,0,0,,0,11,7,59,8.43,1,0,0,1,,,12,18.9,18.9,15.4,,36,
231,Tarik Cohen,CHI,RB,25,3,0,0,0,0,0,0,14,74,5.29,0,9,6,41,6.83,0,0,0,0,,,12,17.5,17.5,14.5,,72,
232,Will Dissly,SEA,TE,24,5,3,0,0,0,0,0,0,0,,0,8,8,56,7,1,0,0,1,,,12,19.6,19.6,15.6,,38,
233,Larry Fitzgerald,ARI,WR,37,5,5,0,0,0,0,0,0,0,,0,25,18,123,6.83,0,0,0,0,,,12,30.3,33.3,21.3,,94,
234,A.J. Green,CIN,WR,32,5,4,0,0,0,0,0,0,0,,0,34,14,119,8.5,0,0,0,0,,,12,25.9,28.9,18.9,,97,
235,Taysom Hill,NOR,QB,30,5,2,1,2,38,0,0,13,46,3.54,1,5,3,23,7.67,0,2,1,1,,,12,15.4,16.4,13.9,,36,
236,Chris Hogan,NYJ,WR,33,5,4,0,0,0,0,0,0,0,,0,26,14,118,8.43,0,0,0,0,,,12,25.8,28.8,18.8,,98,
237,DeSean Jackson,PHI,WR,34,3,3,0,0,0,0,0,0,0,,0,20,10,121,12.1,0,0,0,0,,,12,22.1,25.1,17.1,,95,
238,Justin Jackson,LAC,RB,25,3,1,0,0,0,0,0,23,84,3.65,0,8,7,35,5,0,0,0,0,,,12,18.9,18.9,15.4,,69,
239,Jesse James,DET,TE,26,4,2,0,0,0,0,0,0,0,,0,6,4,59,14.75,1,0,0,1,,,12,15.9,15.9,13.9,,37,
240,Tyron Johnson,LAC,WR,24,2,0,0,0,0,0,0,1,7,7,0,1,1,53,53,1,0,0,1,,,12,13,13,12.5,,96,
241,Drew Lock,DEN,QB,24,2,2,23,38,236,1,0,3,5,1.67,0,0,0,0,,0,3,1,0,,,12,11.9,12.9,11.9,,37,
242,Foster Moreau,LVR,TE,23,5,1,0,0,0,0,0,0,0,,0,4,4,64,16,1,0,0,1,,,12,16.4,16.4,14.4,,34,
243,Zack Moss,BUF,RB,23,2,0,0,0,0,0,0,17,48,2.82,0,4,3,16,5.33,1,0,0,1,,,12,15.4,15.4,13.9,,67,
244,David Njoku,CLE,TE,24,2,0,0,0,0,0,0,0,0,,0,4,4,56,14,1,0,0,1,,,12,15.6,15.6,13.6,,39,
245,James O'Shaughnessy,JAX,TE,28,5,5,0,0,0,0,0,0,0,,0,14,12,115,9.58,0,0,0,0,,,12,23.5,26.5,17.5,,40,
246,Kalif Raymond,TEN,WR,26,3,1,0,0,0,0,0,1,-3,-3,0,5,3,118,39.33,0,0,0,0,,,12,14.5,17.5,13,,99,
247,Drew Sample,CIN,TE,24,5,2,0,0,0,0,0,0,0,,0,18,14,122,8.71,0,0,0,0,,,12,26.2,29.2,19.2,,35,
248,Benny Snell Jr.,PIT,RB,22,4,0,0,0,0,0,0,36,148,4.11,0,2,1,-4,-4,0,2,1,0,,,12,13.4,17.4,12.9,,68,
249,Jordan Wilkins,IND,RB,26,5,0,0,0,0,0,0,28,95,3.39,0,2,2,22,11,0,0,0,0,,,12,13.7,13.7,12.7,,70,
250,C.J. Beathard,SFO,QB,27,2,0,23,37,232,1,0,0,0,,0,0,0,0,,0,1,1,0,,,11,11.3,12.3,11.3,,39,
251,Le'Veon Bell,NYJ,RB,28,2,2,0,0,0,0,0,19,74,3.89,0,3,3,39,13,0,0,0,0,,,11,14.3,14.3,12.8,,73,
252,Miles Boykin,BAL,WR,24,5,3,0,0,0,0,0,0,0,,0,17,10,111,11.1,0,0,0,0,,,11,21.1,24.1,16.1,,100,
253,Cameron Brate,TAM,TE,29,5,0,0,0,0,0,0,0,0,,0,8,6,47,7.83,1,0,0,1,,,11,16.7,16.7,13.7,,41,
254,Jakeem Grant,MIA,WR,28,5,0,0,0,0,0,0,2,17,8.5,0,13,9,88,9.78,0,1,0,0,,,11,19.5,19.5,15,,104,
255,Marvin Hall,DET,WR,27,4,1,0,0,0,0,0,0,0,,0,5,2,50,25,1,0,0,1,,,11,13,13,12,,101,
256,Collin Johnson,JAX,WR,23,5,0,0,0,0,0,0,0,0,,0,10,5,47,9.4,1,0,0,1,,,11,15.7,15.7,13.2,,103,
257,Brett Rypien,DEN,QB,24,2,1,27,40,295,2,4,5,-5,-1,0,0,0,0,,0,1,0,0,,,11,11.3,15.3,15.3,,38,
258,Boston Scott,PHI,RB,25,5,1,0,0,0,0,0,19,63,3.32,0,6,5,43,8.6,0,0,0,0,,,11,15.6,15.6,13.1,,75,
259,Mike Thomas,CIN,WR,26,5,0,0,0,0,0,0,1,1,1,0,11,10,68,6.8,1,1,1,1,,,11,20.9,21.9,15.9,,102,
260,James White,NWE,RB,28,2,0,0,0,0,0,0,8,43,5.38,0,11,10,68,6.8,0,0,0,0,,,11,21.1,21.1,16.1,,74,
261,Kyle Allen,WAS,QB,24,1,1,9,13,74,0,0,1,7,7,1,0,0,0,,0,0,0,1,,,10,9.7,9.7,9.7,,40,
262,Dan Arnold,ARI,TE,25,5,3,0,0,0,0,0,0,0,,0,12,9,97,10.78,0,1,0,0,,,10,18.7,18.7,14.2,,42,
263,Quintez Cephus,DET,WR,22,4,1,0,0,0,0,0,0,0,,0,13,6,97,16.17,0,0,0,0,,,10,15.7,15.7,12.7,,109,
264,Bryan Edwards,LVR,WR,22,3,3,0,0,0,0,0,0,0,,0,6,5,99,19.8,0,0,0,0,,,10,14.9,14.9,12.4,,108,
265,Wayne Gallman,NYG,RB,26,4,1,0,0,0,0,0,15,76,5.07,0,6,5,21,4.2,0,0,0,0,,,10,14.7,14.7,12.2,,77,
266,Damien Harris,NWE,RB,23,1,1,0,0,0,0,0,17,100,5.88,0,0,0,0,,0,0,0,0,,,10,10,13,10,,76,
267,Rashard Higgins,CLE,WR,26,3,1,0,0,0,0,0,0,0,,0,4,4,40,10,1,0,0,1,,,10,14,14,12,,107,
268,Isaiah McKenzie,BUF,WR,25,4,2,0,0,0,0,0,3,15,5,0,8,7,88,12.57,0,0,0,0,,,10,17.3,17.3,13.8,,106,
269,Jalen Reagor,PHI,WR,21,2,2,0,0,0,0,0,0,0,,0,8,5,96,19.2,0,1,0,0,,,10,14.6,14.6,12.1,,110,
270,Jeff Smith,NYJ,WR,23,2,2,0,0,0,0,0,0,0,,0,20,10,104,10.4,0,0,0,0,,,10,20.4,23.4,15.4,,105,
271,Saquon Barkley,NYG,RB,23,2,2,0,0,0,0,0,19,34,1.79,0,9,6,60,10,0,0,0,0,,,9,15.4,15.4,12.4,,78,
272,Nick Boyle,BAL,TE,27,5,5,0,0,0,0,0,0,0,,0,8,6,30,5,1,0,0,1,,,9,15,15,12,,45,
273,Parris Campbell,IND,WR,23,2,2,0,0,0,0,0,2,16,8,0,9,6,71,11.83,0,0,0,0,,,9,14.7,14.7,11.7,,113,
274,KJ Hamler,DEN,WR,21,3,2,0,0,0,0,0,2,7,3.5,0,12,6,78,13,0,0,0,0,,,9,14.5,14.5,11.5,,114,
275,Deonte Harris,NOR,WR,23,4,2,0,0,0,0,0,4,30,7.5,0,11,7,55,7.86,0,1,0,0,,,9,15.5,15.5,12,,115,
276,Jacob Hollister,SEA,TE,27,5,0,0,0,0,0,0,0,0,,0,3,2,10,5,1,0,0,1,1,,9,11,11,10,,44,
277,Olabisi Johnson,MIN,WR,23,5,2,0,0,0,0,0,0,0,,0,9,5,93,18.6,0,0,0,0,,,9,14.3,14.3,11.8,,112,
278,Tyrod Taylor,LAC,QB,31,1,1,16,30,208,0,0,6,7,1.17,0,0,0,0,,0,0,0,0,,,9,9,9,9,,41,
279,Ian Thomas,CAR,TE,24,5,4,0,0,0,0,0,0,0,,0,10,5,30,6,1,0,0,1,,,9,14,14,11.5,,43,
280,Justin Watson,TAM,WR,25,3,2,0,0,0,0,0,0,0,,0,11,7,94,13.43,0,0,0,0,,,9,16.4,16.4,12.9,,111,
281,Darrel Williams,KAN,RB,25,5,0,0,0,0,0,0,11,35,3.18,0,11,6,35,5.83,0,0,0,0,1,,9,15,15,12,,79,
282,Jason Witten,LVR,TE,38,5,5,0,0,0,0,0,0,0,,0,6,6,29,4.83,1,0,0,1,,,9,14.9,14.9,11.9,,46,
283,Josh Adams,NYJ,RB,24,2,0,0,0,0,0,0,3,8,2.67,1,2,2,14,7,0,0,0,1,,,8,10.2,10.2,9.2,,80,
284,Kalen Ballage,NYJ,RB,25,3,0,0,0,0,0,0,3,13,4.33,0,10,9,67,7.44,0,0,0,0,,,8,17,17,12.5,,81,
285,Noah Brown,DAL,WR,24,5,0,0,0,0,0,0,0,0,,0,8,7,80,11.43,0,0,0,0,,,8,15,15,11.5,,119,
286,Royce Freeman,DEN,RB,24,4,0,0,0,0,0,0,9,30,3.33,0,5,5,49,9.8,0,0,0,0,,,8,12.9,12.9,10.4,,82,
287,Chris Herndon,NYJ,TE,24,5,4,0,0,0,0,0,0,0,,0,22,13,98,7.54,0,1,1,0,,,8,20.8,21.8,14.3,,50,
288,John Hightower,PHI,WR,24,5,3,0,0,0,0,0,0,0,,0,15,7,57,8.14,0,0,0,0,1,,8,14.7,14.7,11.2,,121,
289,Van Jefferson,LAR,WR,24,5,0,0,0,0,0,0,1,-1,-1,0,10,5,76,15.2,0,1,0,0,,,8,12.5,12.5,10,,123,
290,Duke Johnson,HOU,RB,27,3,0,0,0,0,0,0,13,46,3.54,0,6,4,32,8,0,0,0,0,,,8,11.8,11.8,9.8,,83,
291,Marcus Johnson,IND,WR,26,2,1,0,0,0,0,0,0,0,,0,4,4,80,20,0,0,0,0,,,8,12,12,10,,118,
292,Marcedes Lewis,GNB,TE,36,3,3,0,0,0,0,0,0,0,,0,3,2,22,11,1,0,0,1,,,8,10.2,10.2,9.2,,47,
293,Ray-Ray McCloud,PIT,WR,24,4,1,0,0,0,0,0,2,63,31.5,0,3,3,12,4,0,0,0,0,,,8,10.5,10.5,9,,122,
294,Donald Parham,LAC,TE,23,2,0,0,0,0,0,0,0,0,,0,2,1,19,19,1,0,0,1,,,8,8.9,8.9,8.4,,48,
295,MyCole Pruitt,TEN,TE,28,3,1,0,0,0,0,0,0,0,,0,3,3,17,5.67,1,0,0,1,,,8,10.7,10.7,9.2,,51,
296,Sterling Shepard,NYG,WR,27,2,2,0,0,0,0,0,1,6,6,0,10,8,76,9.5,0,0,0,0,,,8,16.2,16.2,12.2,,117,
297,Steven Sims,WAS,WR,23,3,2,0,0,0,0,0,0,0,,0,8,6,103,17.17,0,2,1,0,,,8,14.3,18.3,11.3,,116,
298,Irv Smith Jr.,MIN,TE,22,5,2,0,0,0,0,0,0,0,,0,11,6,78,13,0,0,0,0,,,8,13.8,13.8,10.8,,49,
299,Javon Wims,CHI,WR,26,5,1,0,0,0,0,0,0,0,,0,5,3,18,6,1,0,0,1,,,8,10.8,10.8,9.3,,120,
300,Blake Bell,DAL,TE,29,5,0,0,0,0,0,0,0,0,,0,7,5,71,14.2,0,0,0,0,,,7,12.1,12.1,9.6,,52,
301,Tyler Ervin,GNB,RB,27,4,0,0,0,0,0,0,4,43,10.75,0,6,5,26,5.2,0,0,0,0,,,7,11.9,11.9,9.4,,86,
302,Jakob Johnson,NWE,RB,26,4,3,0,0,0,0,0,0,0,,0,2,2,7,3.5,1,0,0,1,,,7,8.7,8.7,7.7,,87,
303,Michael Pittman Jr.,IND,WR,23,3,1,0,0,0,0,0,0,0,,0,12,9,73,8.11,0,0,0,0,,,7,16.3,16.3,11.8,,124,
304,Richard Rodgers,PHI,TE,28,5,1,0,0,0,0,0,0,0,,0,7,6,68,11.33,0,0,0,0,,,7,12.8,12.8,9.8,,53,
305,Deebo Samuel,SFO,WR,24,2,1,0,0,0,0,0,2,13,6.5,0,11,5,54,10.8,0,0,0,0,,,7,11.7,11.7,9.2,,125,
306,Adam Shaheen,MIA,TE,26,5,1,0,0,0,0,0,0,0,,0,4,2,7,3.5,1,0,0,1,,,7,8.7,8.7,7.7,,54,
307,Anthony Sherman,KAN,RB,32,5,0,0,0,0,0,0,2,2,1,0,1,1,5,5,1,0,0,1,,,7,7.7,7.7,7.2,,88,
308,Courtland Sutton,DEN,WR,25,1,1,0,0,0,0,0,0,0,,0,6,3,66,22,0,0,0,0,,,7,9.6,9.6,8.1,,126,
309,J.J. Taylor,NWE,RB,22,3,0,0,0,0,0,0,16,70,4.38,0,2,1,4,4,0,0,0,0,,,7,8.4,8.4,7.9,,84,
310,Ke'Shawn Vaughn,TAM,RB,23,3,0,0,0,0,0,0,3,4,1.33,0,6,4,27,6.75,1,1,1,1,,,7,11.1,12.1,9.1,,85,
311,C.J. Board,NYG,WR,27,5,3,0,0,0,0,0,1,3,3,0,8,6,58,9.67,0,0,0,0,,,6,12.1,12.1,9.1,,129,
312,Tevin Coleman,SFO,RB,27,2,0,0,0,0,0,0,18,30,1.67,0,4,3,34,11.33,0,0,0,0,,,6,9.4,9.4,7.9,,89,
313,Darrell Daniels,ARI,TE,26,5,4,0,0,0,0,0,0,0,,0,5,4,61,15.25,0,0,0,0,,,6,10.1,10.1,8.1,,56,
314,Jack Doyle,IND,TE,30,4,4,0,0,0,0,0,0,0,,0,7,4,61,15.25,0,0,0,0,,,6,10.1,10.1,8.1,,57,
315,Reggie Gilliam,BUF,TE,23,4,0,0,0,0,0,0,0,0,,0,1,1,1,1,1,0,0,1,,,6,7.1,7.1,6.6,,58,
316,Tyler Johnson,TAM,WR,22,3,1,0,0,0,0,0,0,0,,0,6,4,61,15.25,0,0,0,0,,,6,10.1,10.1,8.1,,130,
317,Dawson Knox,BUF,TE,24,3,2,0,0,0,0,0,0,0,,0,9,5,78,15.6,0,1,1,0,,,6,10.8,11.8,8.3,,59,
318,Marlon Mack,IND,RB,24,1,1,0,0,0,0,0,4,26,6.5,0,3,3,30,10,0,0,0,0,,,6,8.6,8.6,7.1,,91,
319,Anthony McFarland Jr.,PIT,RB,21,2,0,0,0,0,0,0,9,48,5.33,0,2,1,7,7,0,0,0,0,,,6,6.5,6.5,6,,94,
320,La'Mical Perine,NYJ,RB,22,4,0,0,0,0,0,0,15,56,3.73,0,2,2,-1,-0.5,0,0,0,0,,,6,7.5,7.5,6.5,,93,
321,Damion Ratley,NYG,WR,25,5,0,0,0,0,0,0,0,0,,0,10,4,63,15.75,0,1,0,0,,,6,10.3,10.3,8.3,,127,
322,Patrick Ricard,BAL,RB,26,5,3,0,0,0,0,0,1,-1,-1,0,4,3,17,5.67,1,1,1,1,,,6,8.6,9.6,7.1,,92,
323,Ito Smith,ATL,RB,25,5,0,0,0,0,0,0,11,33,3,0,8,6,26,4.33,0,0,0,0,,,6,11.9,11.9,8.9,,90,
324,Lee Smith,BUF,WR,33,1,0,0,0,0,0,0,0,0,,0,1,1,1,1,1,0,0,1,,,6,7.1,7.1,6.6,,131,
325,Auden Tate,CIN,WR,23,4,1,0,0,0,0,0,0,0,,0,6,4,56,14,0,0,0,0,,,6,9.6,9.6,7.6,,132,
326,Jordan Thomas,ARI,TE,24,3,0,0,0,0,0,0,0,0,,0,1,1,3,3,1,0,0,1,,,6,7.3,7.3,6.8,,55,
327,Isaiah Wright,WAS,WR,23,4,2,0,0,0,0,0,2,15,7.5,0,12,9,47,5.22,0,1,0,0,,,6,15.2,15.2,10.7,,128,
328,Christian Blake,ATL,WR,24,5,0,0,0,0,0,0,0,0,,0,5,3,47,15.67,0,0,0,0,,,5,7.7,7.7,6.2,,136,
329,Trey Burton,IND,TE,29,2,0,0,0,0,0,0,0,0,,0,11,7,49,7,0,0,0,0,,,5,11.9,11.9,8.4,,62,
330,Marquez Callaway,NOR,WR,22,4,1,0,0,0,0,0,0,0,,0,7,5,50,10,0,0,0,0,,,5,10,10,7.5,,134,
331,Ross Dwelley,SFO,TE,25,5,2,0,0,0,0,0,0,0,,0,5,5,54,10.8,0,0,0,0,,,5,10.4,10.4,7.9,,60,
332,Anthony Firkser,TEN,TE,25,3,0,0,0,0,0,0,0,0,,0,6,6,50,8.33,0,0,0,0,,,5,11,11,8,,61,
333,KhaDarel Hodge,CLE,WR,25,3,0,0,0,0,0,0,0,0,,0,6,3,51,17,0,0,0,0,,,5,8.1,8.1,6.6,,133,
334,LeSean McCoy,TAM,RB,32,4,0,0,0,0,0,0,2,-2,-1,0,13,9,55,6.11,0,0,0,0,,,5,14.3,14.3,9.8,,95,
335,Vance McDonald,PIT,TE,30,4,3,0,0,0,0,0,0,0,,0,8,6,45,7.5,0,0,0,0,,,5,10.5,10.5,7.5,,64,
336,Demarcus Robinson,KAN,WR,26,5,1,0,0,0,0,0,0,0,,0,15,8,50,6.25,0,0,0,0,,,5,13,13,9,,135,
337,Kaden Smith,NYG,TE,23,5,4,0,0,0,0,0,0,0,,0,9,7,46,6.57,0,1,0,0,,,5,11.6,11.6,8.1,,63,
338,JJ Arcega-Whiteside,PHI,WR,24,4,0,0,0,0,0,0,0,0,,0,3,1,37,37,0,0,0,0,,,4,4.7,4.7,4.2,,140,
339,Cameron Batson,TEN,WR,25,2,1,0,0,0,0,0,1,11,11,0,2,2,26,13,0,0,0,0,,,4,5.7,5.7,4.7,,141,
340,A.J. Brown,TEN,WR,23,1,1,0,0,0,0,0,0,0,,0,8,5,39,7.8,0,0,0,0,,,4,8.9,8.9,6.4,,139,
341,Lawrence Cager,NYJ,WR,23,2,1,0,0,0,0,0,0,0,,0,6,2,35,17.5,0,0,0,0,,,4,5.5,5.5,4.5,,143,
342,Ashton Dulin,IND,WR,23,5,0,0,0,0,0,0,1,3,3,0,3,2,40,20,0,0,0,0,,,4,6.3,6.3,5.3,,137,
343,Ted Ginn Jr.,CHI,WR,35,4,0,0,0,0,0,0,0,0,,0,6,3,40,13.33,0,0,0,0,,,4,7,7,5.5,,138,
344,Ryan Izzo,NWE,TE,25,4,4,0,0,0,0,0,0,0,,0,8,3,44,14.67,0,0,0,0,,,4,7.4,7.4,5.9,,65,
345,Phillip Lindsay,DEN,RB,26,1,1,0,0,0,0,0,7,24,3.43,0,1,1,11,11,0,0,0,0,,,4,4.5,4.5,4,,96,
346,Durham Smythe,MIA,TE,25,4,3,0,0,0,0,0,0,0,,0,3,3,37,12.33,0,0,0,0,,,4,6.7,6.7,5.2,,66,
347,Jace Sternberger,GNB,TE,24,4,0,0,0,0,0,0,0,0,,0,5,3,36,12,0,0,0,0,,,4,6.6,6.6,5.1,,67,
348,Trent Taylor,SFO,WR,26,5,0,0,0,0,0,0,0,0,,0,10,5,37,7.4,0,0,0,0,,,4,8.7,8.7,6.2,,142,
349,Jamal Agnew,DET,WR,25,4,0,0,0,0,0,0,2,4,2,0,6,4,21,5.25,0,0,0,0,,,3,6.5,6.5,4.5,,151,
350,Cethan Carter,CIN,TE,25,5,2,0,0,0,0,0,0,0,,0,2,2,25,12.5,0,0,0,0,,,3,4.5,4.5,3.5,,71,
351,Corey Clement,PHI,RB,26,5,0,0,0,0,0,0,11,30,2.73,0,2,2,2,1,0,0,0,0,,,3,5.2,5.2,4.2,,98,
352,AJ Dillon,GNB,RB,22,4,0,0,0,0,0,0,8,34,4.25,0,0,0,0,,0,0,0,0,,,3,3.4,3.4,3.4,,97,
353,Antonio Gandy-Golden,WAS,WR,22,4,1,0,0,0,0,0,1,22,22,0,3,1,3,3,0,0,0,0,,,3,3.5,3.5,3,,150,
354,DaeSean Hamilton,DEN,WR,25,4,1,0,0,0,0,0,0,0,,0,9,3,32,10.67,0,0,0,0,,,3,6.2,6.2,4.7,,144,
355,Demetrius Harris,CHI,TE,29,5,3,0,0,0,0,0,0,0,,0,8,5,30,6,0,0,0,0,,,3,8,8,5.5,,69,
356,Jalen Hurts,PHI,QB,22,4,0,1,1,18,0,0,5,26,5.2,0,0,0,0,,0,2,0,0,,,3,3.3,3.3,3.3,,42,
357,KeeSean Johnson,ARI,WR,24,2,0,0,0,0,0,0,0,0,,0,8,3,29,9.67,0,0,0,0,,,3,5.9,5.9,4.4,,147,
358,Josh Malone,NYJ,WR,24,4,0,0,0,0,0,0,1,12,12,0,6,4,16,4,0,0,0,0,,,3,6.8,6.8,4.8,,148,
359,Chris Manhertz,CAR,TE,28,5,3,0,0,0,0,0,0,0,,0,3,3,29,9.67,0,0,0,0,,,3,5.9,5.9,4.4,,70,
